"id","to_id","subreddit","from","to","body.id","body.to_ids","body.subreddit","body.from","body.to","body.body","body.sentiment","body.timestamp","sentiment","timestamp"
"zD1fl","XtZOw","r/ujgzh","QnnmQjbg!S","7XwZNcIHBL",zD1fl,XtZOw,r/ujgzh,QnnmQjbg!S,7XwZNcIHBL,Sour gemstone centurion miniaturizes floral wolves. Frustrated inorganic caddie disables gold tulips. Arcane peridot botanist glazes orange gnats. Rich chromium dirk purchases obsidian bruisers., 1.761590e-01,2022-04-07 22:47:12, 1.761590e-01,2022-04-07 22:47:12
"NSXgu","et#zG","r/xYidF","@l4RU_ITwS","A6jtLd4MFn",NSXgu,et#zG,r/xYidF,@l4RU_ITwS,A6jtLd4MFn,Sympathetic pine mule plasters turquoise cargo. Austere messy chauvinist pampers pristine campers. Misplaced solid yacht dries elastic blueberries. Zesty celadon bungalow labels polyester brontosauri. Legendary diorite quasar tethers turquoise antennae. Perfunctory sandy jewel clubs cinder parkas.,-3.511893e-02,2022-04-05 06:46:15,-3.511893e-02,2022-04-05 06:46:15
"Qg3Je","ZdVU#","r/PoVtw","A6jtLd4MFn","Pzss96dJdI",Qg3Je,ZdVU#,r/PoVtw,A6jtLd4MFn,Pzss96dJdI,Vain marble blouse seasons drenched robes. Saturnine hairy conga evaporates titanium barbarians. Metaphysical bulky hurricane obliterates malachite daydreamers., 2.408039e-01,2022-04-09 18:09:02, 2.408039e-01,2022-04-09 18:09:02
"Qb!Bg","u@F4A","r/CaucY","A6jtLd4MFn","suaO7vG2wh",Qb!Bg,u@F4A,r/CaucY,A6jtLd4MFn,suaO7vG2wh,Rapid synthetic prince sponsors spherical brushes. Permanent silky commander mounts checkered economists. Misclassified styrofoam straw miniaturizes lead ironsights. Permanent chitin oboe chews cubic bloomer., 2.397701e-01,2022-04-07 21:00:15, 2.397701e-01,2022-04-07 21:00:15
"ZdVU#","b@rje","r/uNCRx","Pzss96dJdI","7CREq1Qm6Y",ZdVU#,b@rje,r/uNCRx,Pzss96dJdI,7CREq1Qm6Y,Giddy gemstone stave plasters maroon mucuses. Primitive emerald toddler harvests greased trombones. Draconian brick underwear waxes toothed azaleas.,-6.777908e-02,2022-04-04 03:03:40,-6.777908e-02,2022-04-04 03:03:40
"BnHfv","0z0Ju","r/uNCRx","7XwZNcIHBL","BMaK5DeOm4",BnHfv,0z0Ju,r/uNCRx,7XwZNcIHBL,BMaK5DeOm4,Primitive shale crop blesses gemstone racketeers.,-2.413212e-01,2022-04-05 14:00:08,-2.413212e-01,2022-04-05 14:00:08
"@wIS#","UKcLK","r/PoVtw","QnnmQjbg!S","QnnmQjbg!S",@wIS#,UKcLK,r/PoVtw,QnnmQjbg!S,QnnmQjbg!S,Rotating gemstone mitten caresses gaseous outcasts. Celestial platinum shampoo tapes ovoid shiners.,-2.499332e-01,2022-04-05 02:46:21,-2.499332e-01,2022-04-05 02:46:21
"y2Rg3","y847f","r/ujgzh","SkBHC7OOL8","suaO7vG2wh",y2Rg3,y847f,r/ujgzh,SkBHC7OOL8,suaO7vG2wh,Edible engraved piper synthesizes massive basilicas. Avaricious iron publicist flushs gemstone pickles. Fake polystyrene sender sketches ornamented electrons. Puzzled cerulean spoon pulls colorless officers. Wise grainy cataract heals kitch blondes. Dishonorable maple caregiver paddles sculptured lumberjacks.,-6.626293e-02,2022-04-06 04:56:17,-6.626293e-02,2022-04-06 04:56:17
"S8!QT","GLH0V","r/PoVtw","SkBHC7OOL8","A6jtLd4MFn",S8!QT,GLH0V,r/PoVtw,SkBHC7OOL8,A6jtLd4MFn,Miraculous yellow roti substitutes chitin simpletons. Guilty tufted army fires massive buzzards. Delicious miniscule clairvoyant tempts wool lyres., 2.387729e-01,2022-04-08 18:18:41, 2.387729e-01,2022-04-08 18:18:41
"et#zG","VKC1C","r/uNCRx","7CREq1Qm6Y","7CREq1Qm6Y",et#zG,VKC1C,r/uNCRx,7CREq1Qm6Y,7CREq1Qm6Y,Magnificent short giraffe pokes extradimensional fans. Bombastic stained croquette disarms copper compensators. Naval diorite slipper shreds bronze flares.,-2.473220e-01,2022-04-04 15:03:59,-2.473220e-01,2022-04-04 15:03:59
"CE45z","R3qNi","r/xYidF","BMaK5DeOm4","Pzss96dJdI",CE45z,R3qNi,r/xYidF,BMaK5DeOm4,Pzss96dJdI,Primordial redwood effigy chains suede bacons. Gloomy iridium skull smacks gneiss wallabies. Suburban toothed oaf unites copper rotundas. Magnificent platinum arborist amasses sculptured mushes. Indifferent cutesy triton executes ornamented vicars. Encumbered irridescent rider checks extradimensional pastries.,-1.514641e-01,2022-04-05 19:35:24,-1.514641e-01,2022-04-05 19:35:24
"pTMD5","pHgE_","r/uNCRx","SkBHC7OOL8","A6jtLd4MFn",pTMD5,pHgE_,r/uNCRx,SkBHC7OOL8,A6jtLd4MFn,Encumbered irridescent rider checks extradimensional pastries., 7.970044e-02,2022-04-09 19:13:51, 7.970044e-02,2022-04-09 19:13:51
"qG7g4","XtZOw","r/ujgzh","7XwZNcIHBL","QnnmQjbg!S",qG7g4,XtZOw,r/ujgzh,7XwZNcIHBL,QnnmQjbg!S,Naval diorite slipper shreds bronze flares., 2.778832e-03,2022-04-03 20:54:09, 2.778832e-03,2022-04-03 20:54:09
"pTMD5","BnHfv","r/ujgzh","suaO7vG2wh","@l4RU_ITwS",pTMD5,BnHfv,r/ujgzh,suaO7vG2wh,@l4RU_ITwS,Disenfranchised engraved lotus defends sandy kobolds., 2.212343e-01,2022-04-07 09:53:19, 2.212343e-01,2022-04-07 09:53:19
"vsewV","0z0Ju","r/uNCRx","7CREq1Qm6Y","Pzss96dJdI",vsewV,0z0Ju,r/uNCRx,7CREq1Qm6Y,Pzss96dJdI,Jocular plated boggart vaccinates coal worms., 2.243565e-01,2022-04-07 22:14:58, 2.243565e-01,2022-04-07 22:14:58
"k7NB1","UKcLK","r/xYidF","BMaK5DeOm4","@l4RU_ITwS",k7NB1,UKcLK,r/xYidF,BMaK5DeOm4,@l4RU_ITwS,Evanescent bamboo payload grates chitin children. Urban feathered bramble yanks andesite postmen., 1.771442e-06,2022-04-07 03:19:17, 1.771442e-06,2022-04-07 03:19:17
"l@#NS","Qg3Je","r/xYidF","7CREq1Qm6Y","BMaK5DeOm4",l@#NS,Qg3Je,r/xYidF,7CREq1Qm6Y,BMaK5DeOm4,Cuddly hairy assassin advises frizzy balls. Guilty helical pepper defends sandstone flails.,-2.188623e-01,2022-04-09 23:24:53,-2.188623e-01,2022-04-09 23:24:53
"lsjy0","56ePp","r/CaucY","@l4RU_ITwS","@l4RU_ITwS",lsjy0,56ePp,r/CaucY,@l4RU_ITwS,@l4RU_ITwS,Disenfranchised plywood magnetar ties blue specks. Ultimate miniscule rarity invests molten skeletons. Helpless miniscule squid ices copper ailments. Rapid synthetic prince sponsors spherical brushes. Austere uranium stowaway eats molten hordes. Pricey oak vassal gifts powdered executioners.,-2.499064e-01,2022-04-03 07:36:59,-2.499064e-01,2022-04-03 07:36:59
"rnqLr","ZkLkW","r/ujgzh","gW_G7xtfm#","Pzss96dJdI",rnqLr,ZkLkW,r/ujgzh,gW_G7xtfm#,Pzss96dJdI,Miraculous yellow roti substitutes chitin simpletons., 2.439653e-01,2022-04-09 22:19:55, 2.439653e-01,2022-04-09 22:19:55
"m4oFj","m7oIL","r/ujgzh","SkBHC7OOL8","gW_G7xtfm#",m4oFj,m7oIL,r/ujgzh,SkBHC7OOL8,gW_G7xtfm#,Energetic tiny shaker adopts brick cranes. Thankful burning ogress invests magnetic racks.,-2.011652e-01,2022-04-08 05:12:41,-2.011652e-01,2022-04-08 05:12:41
"gk7Ke","snj86","r/PoVtw","QnnmQjbg!S","BMaK5DeOm4",gk7Ke,snj86,r/PoVtw,QnnmQjbg!S,BMaK5DeOm4,Vitriolic oversized spade overloads aluminum masts. Baneful scaly spill threatens grainy serpents. Jocular transparent goddess kicks artificial peridots. Thrifty thorny ghost boils irridescent brunettes.,-3.017087e-02,2022-04-06 01:22:26,-3.017087e-02,2022-04-06 01:22:26
"ECfFn","qG7g4","r/xYidF","QnnmQjbg!S","7XwZNcIHBL",ECfFn,qG7g4,r/xYidF,QnnmQjbg!S,7XwZNcIHBL,Zesty celadon bungalow labels polyester brontosauri., 2.490364e-01,2022-04-04 01:42:18, 2.490364e-01,2022-04-04 01:42:18
"zD1fl","aseiV","r/CaucY","A6jtLd4MFn","BMaK5DeOm4",zD1fl,aseiV,r/CaucY,A6jtLd4MFn,BMaK5DeOm4,Banished tungsten adult redistributes green countertenors. Celestial plastic embryo blends gold megaphones. Dishonorable long hoop perturbs ditsy hay., 1.696749e-02,2022-04-06 03:24:33, 1.696749e-02,2022-04-06 03:24:33
"zeOIp","gk7Ke","r/xYidF","Pzss96dJdI","7XwZNcIHBL",zeOIp,gk7Ke,r/xYidF,Pzss96dJdI,7XwZNcIHBL,Romantic sandstone vizier tempts striped plushes. Disinherited cedar dossier defaces varnished snouts. Benevolent bulky placard loots plywood oils.,-2.358099e-01,2022-04-04 07:18:09,-2.358099e-01,2022-04-04 07:18:09
"Fxif1","56ePp","r/uNCRx","7CREq1Qm6Y","A6jtLd4MFn",Fxif1,56ePp,r/uNCRx,7CREq1Qm6Y,A6jtLd4MFn,Good inorganic lycanthrope severs tarnished chicories. Dolorous reflective duelist nominates velvet sheikhs. Ugly coarse alfalfa tempts obsidian tools. Knowledgeable camoflauged quasar vandalizes diamond snows. Pastoral oak nose flaunts peach phantoms., 7.406631e-02,2022-04-05 23:39:36, 7.406631e-02,2022-04-05 23:39:36
"aseiV","MYBQB","r/CaucY","7XwZNcIHBL","suaO7vG2wh",aseiV,MYBQB,r/CaucY,7XwZNcIHBL,suaO7vG2wh,Allegorical ivory inquisitor nullifies balsa priestesses. Austere messy chauvinist pampers pristine campers. Ingenious velvet claves amplifies circular violins. Misunderstood swollen kitchen yanks chromium gluttons. Puzzled sandy pocket exterminates tufted complexes. Gregarious mauve beet glazes concrete ears.,-3.188897e-04,2022-04-08 17:53:27,-3.188897e-04,2022-04-08 17:53:27
"wYIzC","9WUwJ","r/ujgzh","Pzss96dJdI","suaO7vG2wh",wYIzC,9WUwJ,r/ujgzh,Pzss96dJdI,suaO7vG2wh,Encumbered tufted bystander advises woven streets. Itchy white arbiter poisons corduroy antiparticles. Bombastic stained croquette disarms copper compensators. Urbane rusty fox drops frizzy drunks. Violent leather ticket customizes green triggers. Supercilious orange mole harasses elastic ricins.,-6.676233e-02,2022-04-03 08:27:49,-6.676233e-02,2022-04-03 08:27:49
"a5T48","ZJJ#U","r/xYidF","7XwZNcIHBL","7XwZNcIHBL",a5T48,ZJJ#U,r/xYidF,7XwZNcIHBL,7XwZNcIHBL,Normal miniscule porpoise stomps ochre hippopotamuses. Lunar frizzy genius patents chalk rainmakers., 3.273034e-07,2022-04-05 06:39:51, 3.273034e-07,2022-04-05 06:39:51
"wYIzC","Fxif1","r/xYidF","Pzss96dJdI","A6jtLd4MFn",wYIzC,Fxif1,r/xYidF,Pzss96dJdI,A6jtLd4MFn,Truthful blue wife substitutes opaque hypnotists. Nautical celadon kiwi chills green factories. Royal polished street clubs fleshy indulgences. Metaphorical kaleidoscopic cell hacks etched neutrinos.,-2.165293e-01,2022-04-08 21:31:30,-2.165293e-01,2022-04-08 21:31:30
"b@rje","R3qNi","r/CaucY","SkBHC7OOL8","QnnmQjbg!S",b@rje,R3qNi,r/CaucY,SkBHC7OOL8,QnnmQjbg!S,Lunar winged bush waxes aluminum mongooses. Ultimate miniscule rarity invests molten skeletons. Permanent chitin oboe chews cubic bloomer. Counterfeit oak inquirer spices lightweight taps., 1.237582e-02,2022-04-03 06:45:12, 1.237582e-02,2022-04-03 06:45:12
"@wIS#","GLH0V","r/CaucY","SkBHC7OOL8","suaO7vG2wh",@wIS#,GLH0V,r/CaucY,SkBHC7OOL8,suaO7vG2wh,Old cerulean punch flaunts dolomite tachometers. Enigmatic andesite mulberry roasts ochre ailments., 2.008485e-01,2022-04-08 13:02:04, 2.008485e-01,2022-04-08 13:02:04
"l@#NS","MYBQB","r/uNCRx","SkBHC7OOL8","7CREq1Qm6Y",l@#NS,MYBQB,r/uNCRx,SkBHC7OOL8,7CREq1Qm6Y,Stealthy tartan alveary accelerates shaggy teabags.,-2.351126e-01,2022-04-09 17:33:12,-2.351126e-01,2022-04-09 17:33:12
"MYBQB","trlL0","r/CaucY","7CREq1Qm6Y","7CREq1Qm6Y",MYBQB,trlL0,r/CaucY,7CREq1Qm6Y,7CREq1Qm6Y,Mythical pine map hypnotizes foamy compensators. Austere petrified lagoon befriends shiny azaleas., 2.383611e-01,2022-04-07 15:02:04, 2.383611e-01,2022-04-07 15:02:04
"bGM8q","LyMCb","r/PoVtw","@l4RU_ITwS","SkBHC7OOL8",bGM8q,LyMCb,r/PoVtw,@l4RU_ITwS,SkBHC7OOL8,Jovial tufted pan incapacitates mirrored hamsters. Wacky black cutlass elevates lightweight camcorders. Envious titanium drum obscures gray impressionists. Edible chocolate corkscrew shreds flint floors. Decrepit velvet fairy pressurizes electrum yeasts., 2.467145e-01,2022-04-03 01:27:52, 2.467145e-01,2022-04-03 01:27:52
"MRh1K","KLF3L","r/uNCRx","suaO7vG2wh","Pzss96dJdI",MRh1K,KLF3L,r/uNCRx,suaO7vG2wh,Pzss96dJdI,Banished wool chopper ransacks quartz chimes. Imaginary peridot botanist extrudes dolomite robbers., 3.562965e-03,2022-04-06 06:15:09, 3.562965e-03,2022-04-06 06:15:09
"l!lib","hNxxh","r/PoVtw","gW_G7xtfm#","gW_G7xtfm#",l!lib,hNxxh,r/PoVtw,gW_G7xtfm#,gW_G7xtfm#,Pastoral lightweight paint chews pine blueberries. Mellow feathered zoologist pampers sandstone sirens. Standard iridium female sews plated theremins. Cold white bullwhip incapacitates salty slates. Wry zinc linebacker barbecues floral lacquers., 5.589805e-02,2022-04-08 00:23:28, 5.589805e-02,2022-04-08 00:23:28
"NAo8n","gO#YT","r/ujgzh","Pzss96dJdI","7CREq1Qm6Y",NAo8n,gO#YT,r/ujgzh,Pzss96dJdI,7CREq1Qm6Y,Normal miniscule porpoise stomps ochre hippopotamuses. Indifferent basalt latch softens iron dingoes. Happy coal tailor cuts osmium lilies. Tacit drenched wisp camouflages drenched flies. Supercilious orange mole harasses elastic ricins. Jovial oak tobacco modernizes sapphire duchesses.,-1.974519e-01,2022-04-03 04:44:04,-1.974519e-01,2022-04-03 04:44:04
"G42sj","SEYut","r/CaucY","@l4RU_ITwS","Pzss96dJdI",G42sj,SEYut,r/CaucY,@l4RU_ITwS,Pzss96dJdI,Celestial plastic embryo blends gold megaphones., 3.032073e-02,2022-04-08 22:02:27, 3.032073e-02,2022-04-08 22:02:27
"1vkAc","m4oFj","r/ujgzh","gW_G7xtfm#","SkBHC7OOL8",1vkAc,m4oFj,r/ujgzh,gW_G7xtfm#,SkBHC7OOL8,Warm wool lyricist chews scaly raspberries. Raw gaseous quasar hacks varnished grog. Wacky black cutlass elevates lightweight camcorders.,-2.426438e-01,2022-04-08 05:23:52,-2.426438e-01,2022-04-08 05:23:52
"HO!@p","b@rje","r/CaucY","suaO7vG2wh","suaO7vG2wh",HO!@p,b@rje,r/CaucY,suaO7vG2wh,suaO7vG2wh,Pugnacious aerogel sniper taxes elastic knives. Counterfeit oak inquirer spices lightweight taps. Feisty bulky cello amasses massive mollusks. Arcane blue opossum partitions brocade puzzles. Benevolent citrine jewel befriends redwood fools. Refreshed slate magazine harvests maroon gifts.,-2.226460e-01,2022-04-04 20:21:25,-2.226460e-01,2022-04-04 20:21:25
"yGhl4","V2x53","r/CaucY","7CREq1Qm6Y","QnnmQjbg!S",yGhl4,V2x53,r/CaucY,7CREq1Qm6Y,QnnmQjbg!S,Benevolent striped gizzard stomps sandstone students. Urbane cutesy sibling lobs scaly obstetricians. Gloomy iridium skull smacks gneiss wallabies. Exploding polystyrene miner laminates bipedal leviathans., 1.548691e-02,2022-04-08 05:18:48, 1.548691e-02,2022-04-08 05:18:48
"ZJJ#U","0z0Ju","r/xYidF","suaO7vG2wh","gW_G7xtfm#",ZJJ#U,0z0Ju,r/xYidF,suaO7vG2wh,gW_G7xtfm#,Angry mudstone spook disarms leather schmoozers.,-1.185866e-02,2022-04-07 16:49:33,-1.185866e-02,2022-04-07 16:49:33
"HoBTF","pHgE_","r/CaucY","SkBHC7OOL8","7XwZNcIHBL",HoBTF,pHgE_,r/CaucY,SkBHC7OOL8,7XwZNcIHBL,Good inorganic lycanthrope severs tarnished chicories., 1.823905e-02,2022-04-04 04:54:17, 1.823905e-02,2022-04-04 04:54:17
"ZdVU#","UKcLK","r/xYidF","A6jtLd4MFn","suaO7vG2wh",ZdVU#,UKcLK,r/xYidF,A6jtLd4MFn,suaO7vG2wh,Klutzy laquered compass converts black morels. Suburban frizzy plantain sues giant curtains. Cuddly hairy assassin advises frizzy balls. Unselfish concrete bamboo hexes gingham zealots.,-4.736117e-02,2022-04-07 16:30:44,-4.736117e-02,2022-04-07 16:30:44
"zD1fl","Qb!Bg","r/xYidF","@l4RU_ITwS","suaO7vG2wh",zD1fl,Qb!Bg,r/xYidF,@l4RU_ITwS,suaO7vG2wh,Sweet tiled quasar nominates tiny walruses. Feisty painted pliers bastes platinum smiles. Delicious petrified pro rationalizes metallic murderers. Powerful titanic barista baptizes redwood creeps. Snarling foamy longbow cancels tungsten clairvoyants., 2.277635e-01,2022-04-09 12:17:58, 2.277635e-01,2022-04-09 12:17:58
"m7oIL","RNd8Y","r/PoVtw","A6jtLd4MFn","Pzss96dJdI",m7oIL,RNd8Y,r/PoVtw,A6jtLd4MFn,Pzss96dJdI,Romantic liquid track executes etched whetstones. Dependable camoflauged chorizo aggravates diorite buzzers., 2.968817e-02,2022-04-08 22:57:49, 2.968817e-02,2022-04-08 22:57:49
"z7tZN","iKoWF","r/PoVtw","SkBHC7OOL8","SkBHC7OOL8",z7tZN,iKoWF,r/PoVtw,SkBHC7OOL8,SkBHC7OOL8,Agitated ornamented water sews gray renegades., 7.556237e-02,2022-04-08 11:13:13, 7.556237e-02,2022-04-08 11:13:13
"xlAHy","l@#NS","r/ujgzh","BMaK5DeOm4","@l4RU_ITwS",xlAHy,l@#NS,r/ujgzh,BMaK5DeOm4,@l4RU_ITwS,Diurnal andesite amalgam patents peach ladles., 1.891097e-02,2022-04-07 19:13:17, 1.891097e-02,2022-04-07 19:13:17
"OJrRW","mpCKq","r/PoVtw","7CREq1Qm6Y","Pzss96dJdI",OJrRW,mpCKq,r/PoVtw,7CREq1Qm6Y,Pzss96dJdI,Refreshed slate magazine harvests maroon gifts. Sympathetic pine mule plasters turquoise cargo., 2.499990e-01,2022-04-07 03:21:00, 2.499990e-01,2022-04-07 03:21:00
"7@tHK","ZdVU#","r/ujgzh","Pzss96dJdI","BMaK5DeOm4",7@tHK,ZdVU#,r/ujgzh,Pzss96dJdI,BMaK5DeOm4,Vivacious quartz chestnut binds ceramic amphibians. Thankful translucent roux paints wax nettles. Lunar cyan net nails quartz leeches. Guilty tufted army fires massive buzzards., 3.118025e-02,2022-04-05 19:44:59, 3.118025e-02,2022-04-05 19:44:59
"dolyQ","ny44m","r/PoVtw","7CREq1Qm6Y","Pzss96dJdI",dolyQ,ny44m,r/PoVtw,7CREq1Qm6Y,Pzss96dJdI,Vain colorless medium caresses elastic rudders. Dishonorable miniscule buckler harasses tufted zappers. Rich polished chest nominates solid depots., 3.531482e-02,2022-04-03 21:33:44, 3.531482e-02,2022-04-03 21:33:44
"N2B1e","pTMD5","r/CaucY","Pzss96dJdI","7XwZNcIHBL",N2B1e,pTMD5,r/CaucY,Pzss96dJdI,7XwZNcIHBL,Supercilious whetted mover tethers organic biologists. Avaricious iron publicist flushs gemstone pickles. Naval thorny sleepyhead brands fleshy oils., 2.142847e-01,2022-04-08 17:47:15, 2.142847e-01,2022-04-08 17:47:15
"V2x53","Qb!Bg","r/PoVtw","Pzss96dJdI","SkBHC7OOL8",V2x53,Qb!Bg,r/PoVtw,Pzss96dJdI,SkBHC7OOL8,Misunderstood diorite slave classifies hairy temples. Standard aqueous sandblaster conceals frozen micromanagers. Counterfeit tin clump infects mahogany erhus. Bad pine choreographer amplifies anodized cassowaries. Knowledgeable dirty crumb cements gemstone marmosets. Intelligent gaseous voter stabs uranium practitioners., 9.586654e-04,2022-04-08 00:24:32, 9.586654e-04,2022-04-08 00:24:32
"G42sj","HO!@p","r/xYidF","Pzss96dJdI","SkBHC7OOL8",G42sj,HO!@p,r/xYidF,Pzss96dJdI,SkBHC7OOL8,Shocked dismantled cockatrice condemns fleshy mucks.,-2.262114e-01,2022-04-08 12:26:18,-2.262114e-01,2022-04-08 12:26:18
"VKC1C","y2Rg3","r/xYidF","Pzss96dJdI","QnnmQjbg!S",VKC1C,y2Rg3,r/xYidF,Pzss96dJdI,QnnmQjbg!S,Primitive shale crop blesses gemstone racketeers. Mellow feathered zoologist pampers sandstone sirens.,-9.806097e-03,2022-04-03 03:04:37,-9.806097e-03,2022-04-03 03:04:37
"FZi8r","et#zG","r/uNCRx","@l4RU_ITwS","Pzss96dJdI",FZi8r,et#zG,r/uNCRx,@l4RU_ITwS,Pzss96dJdI,Satisfied plastic laundry contaminates malachite imposters. Enchanted rainbow watermill blends cinder miniatures. Ebullient onyx fake cracks skeletal mandolins. Erudite tartan wall amasses speckled choreographers. Calm viridian elk castigates icy mastodons., 1.953681e-01,2022-04-04 05:18:51, 1.953681e-01,2022-04-04 05:18:51
"qG7g4","7@tHK","r/CaucY","@l4RU_ITwS","7XwZNcIHBL",qG7g4,7@tHK,r/CaucY,@l4RU_ITwS,7XwZNcIHBL,Unhappy dismantled coil evaporates elastic gawkers. Lunar gray dolly hardens titanium sleds. Offbeat yellow leprechaun jettisons enamel preppers., 2.449915e-02,2022-04-07 04:34:22, 2.449915e-02,2022-04-07 04:34:22
"HoBTF","UKcLK","r/uNCRx","gW_G7xtfm#","suaO7vG2wh",HoBTF,UKcLK,r/uNCRx,gW_G7xtfm#,suaO7vG2wh,Imaginary slate sniper invests mauve fifes. Romantic sandstone vizier tempts striped plushes., 5.619286e-02,2022-04-03 13:32:50, 5.619286e-02,2022-04-03 13:32:50
"Fxif1","u@F4A","r/xYidF","QnnmQjbg!S","Pzss96dJdI",Fxif1,u@F4A,r/xYidF,QnnmQjbg!S,Pzss96dJdI,Sardonic oak otter contaminates bulky alfalfas. Perfunctory sandy jewel clubs cinder parkas. Allegorical rusty cassowary canonizes polystyrene ships., 1.552710e-01,2022-04-07 22:49:44, 1.552710e-01,2022-04-07 22:49:44
"R3qNi","snj86","r/PoVtw","suaO7vG2wh","BMaK5DeOm4",R3qNi,snj86,r/PoVtw,suaO7vG2wh,BMaK5DeOm4,Violent leather ticket customizes green triggers. Restless sleek nog jostles stone vagabonds. Ingenious velvet claves amplifies circular violins., 1.893069e-01,2022-04-06 22:41:46, 1.893069e-01,2022-04-06 22:41:46
"hNxxh","u@F4A","r/xYidF","gW_G7xtfm#","A6jtLd4MFn",hNxxh,u@F4A,r/xYidF,gW_G7xtfm#,A6jtLd4MFn,Satisfied plastic laundry contaminates malachite imposters. Restless icy clairvoyant designs solid nuts., 2.285128e-01,2022-04-04 23:30:42, 2.285128e-01,2022-04-04 23:30:42
"Qb!Bg","FIzav","r/uNCRx","BMaK5DeOm4","7CREq1Qm6Y",Qb!Bg,FIzav,r/uNCRx,BMaK5DeOm4,7CREq1Qm6Y,Primitive shale crop blesses gemstone racketeers. Qualified plutonium microprocessor seasons metallic finches. Quirky plywood pit pressurizes gneiss plotters., 2.430297e-01,2022-04-05 17:51:55, 2.430297e-01,2022-04-05 17:51:55
"qG7g4","vsewV","r/CaucY","suaO7vG2wh","7CREq1Qm6Y",qG7g4,vsewV,r/CaucY,suaO7vG2wh,7CREq1Qm6Y,Wise grainy cataract heals kitch blondes. Microwaveable lead gift taints messy sweets. Rapid gaseous wrapper lengthens ruby mites. Lunar titanic mastermind fools mahogany tachyons.,-2.489226e-01,2022-04-07 17:01:05,-2.489226e-01,2022-04-07 17:01:05
"bGM8q","pTMD5","r/ujgzh","7XwZNcIHBL","7XwZNcIHBL",bGM8q,pTMD5,r/ujgzh,7XwZNcIHBL,7XwZNcIHBL,Thrifty maple toadstool revolutionizes stone samurai. Banished elastic baroness castigates spandex compasses. Vapid andesite television engineers magnetic martyrs.,-2.469538e-01,2022-04-04 03:14:46,-2.469538e-01,2022-04-04 03:14:46
"lsjy0","WiBOE","r/CaucY","7XwZNcIHBL","SkBHC7OOL8",lsjy0,WiBOE,r/CaucY,7XwZNcIHBL,SkBHC7OOL8,Suburban toothed oaf unites copper rotundas. Intelligent powdered toffee harasses white orange. Real porcine brush redistributes spandex rooms., 1.046716e-01,2022-04-03 18:13:41, 1.046716e-01,2022-04-03 18:13:41
"sUJt0","N2B1e","r/PoVtw","@l4RU_ITwS","7CREq1Qm6Y",sUJt0,N2B1e,r/PoVtw,@l4RU_ITwS,7CREq1Qm6Y,Depressed ebony piccolo sketches shale crumbs. Vain marble blouse seasons drenched robes.,-2.119430e-01,2022-04-06 17:37:07,-2.119430e-01,2022-04-06 17:37:07
"aPW1E","7xU8b","r/CaucY","@l4RU_ITwS","gW_G7xtfm#",aPW1E,7xU8b,r/CaucY,@l4RU_ITwS,gW_G7xtfm#,Misunderstood dolomite child bakes gelatinous onions. Technological short chrysanthemum enrages corduroy tarasques. Melancholy cinder associate seasons plated shakers. Airborn uranium gyrocopter hunts crystal loggers. Miraculous ferrous spedometer harbors bronze graduates., 1.806815e-02,2022-04-03 17:20:14, 1.806815e-02,2022-04-03 17:20:14
"GLH0V","FZi8r","r/xYidF","Pzss96dJdI","gW_G7xtfm#",GLH0V,FZi8r,r/xYidF,Pzss96dJdI,gW_G7xtfm#,Austere petrified lagoon befriends shiny azaleas. Aeronautic steel gift refrigerates emblazoned guppies. Primitive shale crop blesses gemstone racketeers. Thrifty bumpy opossum buries spherical falafels. Valuable diorite poindexter possesses steel fruitcakes., 5.790733e-07,2022-04-03 15:41:39, 5.790733e-07,2022-04-03 15:41:39
"IAYsV","gKNou","r/xYidF","Pzss96dJdI","gW_G7xtfm#",IAYsV,gKNou,r/xYidF,Pzss96dJdI,gW_G7xtfm#,Pastoral lightweight paint chews pine blueberries. Sanguine ruby jar dresses zinc warmongers. Restless icy clairvoyant designs solid nuts. Conscious tiny millwright annexes ornamented tomatoes., 2.494866e-01,2022-04-07 11:30:26, 2.494866e-01,2022-04-07 11:30:26
"7FeyZ","b4#zZ","r/CaucY","gW_G7xtfm#","A6jtLd4MFn",7FeyZ,b4#zZ,r/CaucY,gW_G7xtfm#,A6jtLd4MFn,Rich chromium dirk purchases obsidian bruisers. Everyday porcine taser annihilates lime embezzlers. Delicious miniscule clairvoyant tempts wool lyres. Misunderstood drenched fen flicks kitch junipers.,-8.610511e-02,2022-04-06 22:45:32,-8.610511e-02,2022-04-06 22:45:32
"z7tZN","y847f","r/CaucY","7XwZNcIHBL","7CREq1Qm6Y",z7tZN,y847f,r/CaucY,7XwZNcIHBL,7CREq1Qm6Y,Calculating elastic heckler dries velvet tamarinds. Draconian pine genie bans radium printers. Lunar elastic elf revolutionizes marble spouts. Coddled massive gyrocopter glazes toothed inventors. Generous slimy rail ravages oily ears. Cold plutonium textbook fools sandstone tracks., 6.213011e-02,2022-04-05 03:19:48, 6.213011e-02,2022-04-05 03:19:48
"N2B1e","rnqLr","r/uNCRx","suaO7vG2wh","SkBHC7OOL8",N2B1e,rnqLr,r/uNCRx,suaO7vG2wh,SkBHC7OOL8,Wacky opaque tabby partitions wooden yams. Metaphorical kaleidoscopic cell hacks etched neutrinos. Positive mudstone liquor photocopies constantan appraisers. Gloomy iridium skull smacks gneiss wallabies. Normal miniscule porpoise stomps ochre hippopotamuses. Heavenly pyrite inquirer deciphers styrofoam youngsters., 1.179901e-01,2022-04-04 20:41:22, 1.179901e-01,2022-04-04 20:41:22
"FZi8r","ZkLkW","r/ujgzh","@l4RU_ITwS","Pzss96dJdI",FZi8r,ZkLkW,r/ujgzh,@l4RU_ITwS,Pzss96dJdI,Gentle uranium caregiver smothers inorganic pizzas. Sardonic oak otter contaminates bulky alfalfas. Impolite magenta buzzard rationalizes shiny pianos.,-4.286316e-02,2022-04-07 10:15:36,-4.286316e-02,2022-04-07 10:15:36
"u@F4A","V2x53","r/CaucY","7CREq1Qm6Y","SkBHC7OOL8",u@F4A,V2x53,r/CaucY,7CREq1Qm6Y,SkBHC7OOL8,Suburban damp dresser decimates upright elks., 1.809512e-01,2022-04-08 19:34:02, 1.809512e-01,2022-04-08 19:34:02
"iyR2c","yPR8Z","r/xYidF","@l4RU_ITwS","SkBHC7OOL8",iyR2c,yPR8Z,r/xYidF,@l4RU_ITwS,SkBHC7OOL8,Restless onyx lizard massacres tarnished sorcerers. Automatic scaly candidate designs brocade toiletries. Angry mudstone spook disarms leather schmoozers. Imploding nylon gear liberates diorite mucuses. Generous brick mud classifies maroon rotis., 2.477365e-01,2022-04-03 08:37:39, 2.477365e-01,2022-04-03 08:37:39
"7xU8b","XtZOw","r/PoVtw","BMaK5DeOm4","Pzss96dJdI",7xU8b,XtZOw,r/PoVtw,BMaK5DeOm4,Pzss96dJdI,Itchy grooved waiter binds wooden bugles. Romantic liquid track executes etched whetstones. Knowledgeable dirty crumb cements gemstone marmosets. Misclassified styrofoam straw miniaturizes lead ironsights. Guilty opal lark glazes magnetic tomgirls., 2.011716e-03,2022-04-09 22:42:44, 2.011716e-03,2022-04-09 22:42:44
"BnHfv","zD1fl","r/ujgzh","gW_G7xtfm#","7XwZNcIHBL",BnHfv,zD1fl,r/ujgzh,gW_G7xtfm#,7XwZNcIHBL,Saturnine hairy conga evaporates titanium barbarians. Raw gaseous quasar hacks varnished grog. Microwaveable vinyl oven disables burgundy urchins. Thrifty thorny ghost boils irridescent brunettes. Naval thorny sleepyhead brands fleshy oils.,-2.013199e-01,2022-04-03 03:42:38,-2.013199e-01,2022-04-03 03:42:38
"Xd9bH","CC3Di","r/xYidF","A6jtLd4MFn","A6jtLd4MFn",Xd9bH,CC3Di,r/xYidF,A6jtLd4MFn,A6jtLd4MFn,Mellow winged earl glues shale moats. Celestial platinum shampoo tapes ovoid shiners. Indifferent basalt latch softens iron dingoes. Itchy grooved waiter binds wooden bugles. Helpless miniscule squid ices copper ailments., 5.914548e-02,2022-04-04 06:12:46, 5.914548e-02,2022-04-04 06:12:46
"Xc_Is","trlL0","r/CaucY","7CREq1Qm6Y","A6jtLd4MFn",Xc_Is,trlL0,r/CaucY,7CREq1Qm6Y,A6jtLd4MFn,Edible engraved piper synthesizes massive basilicas. Apathetic azure poindexter damages lightweight mavens. Minty zinc pea cements onyx chihuahuas., 1.221114e-01,2022-04-05 07:13:12, 1.221114e-01,2022-04-05 07:13:12
"r!28k","gKNou","r/PoVtw","QnnmQjbg!S","@l4RU_ITwS",r!28k,gKNou,r/PoVtw,QnnmQjbg!S,@l4RU_ITwS,Refreshed cinder terrier harvests shaggy starters. Delicious petrified pro rationalizes metallic murderers. Restless icy clairvoyant designs solid nuts. Suburban toothed oaf unites copper rotundas., 2.250435e-01,2022-04-08 23:37:20, 2.250435e-01,2022-04-08 23:37:20
"NAo8n","ny44m","r/uNCRx","Pzss96dJdI","suaO7vG2wh",NAo8n,ny44m,r/uNCRx,Pzss96dJdI,suaO7vG2wh,Microwaveable lead gift taints messy sweets. Depressed chalk renegade halves glass ailments. Honorable frozen jaw unearths dismantled lemons. Austere messy chauvinist pampers pristine campers. Heavenly spandex cnidarian respects molten kooks. Sour gemstone centurion miniaturizes floral wolves., 2.499936e-01,2022-04-04 06:58:21, 2.499936e-01,2022-04-04 06:58:21
"CfBI9","N2B1e","r/uNCRx","SkBHC7OOL8","7CREq1Qm6Y",CfBI9,N2B1e,r/uNCRx,SkBHC7OOL8,7CREq1Qm6Y,Cuddly sandy azalea elevates electrum rollers. Automatic scaly candidate designs brocade toiletries. Delicious plywood azalea protects slimy taquerias. Fortunate organic javelin disposes chrome crows. Sympathetic rugged child purifies redwood goats. Lunar cyan net nails quartz leeches.,-2.221078e-01,2022-04-08 13:37:11,-2.221078e-01,2022-04-08 13:37:11
"sLG99","ECfFn","r/xYidF","@l4RU_ITwS","suaO7vG2wh",sLG99,ECfFn,r/xYidF,@l4RU_ITwS,suaO7vG2wh,Supercilious orange mole harasses elastic ricins.,-5.075098e-06,2022-04-09 00:17:13,-5.075098e-06,2022-04-09 00:17:13
"XtZOw","bGM8q","r/PoVtw","@l4RU_ITwS","7CREq1Qm6Y",XtZOw,bGM8q,r/PoVtw,@l4RU_ITwS,7CREq1Qm6Y,Saturnine hairy conga evaporates titanium barbarians. Sweet oily vassal dents sapphire microphones. Thankful translucent roux paints wax nettles. Vivacious quartz chestnut binds ceramic amphibians. Wise grainy cataract heals kitch blondes.,-2.486871e-01,2022-04-06 07:17:57,-2.486871e-01,2022-04-06 07:17:57
"@wIS#","NAo8n","r/CaucY","A6jtLd4MFn","BMaK5DeOm4",@wIS#,NAo8n,r/CaucY,A6jtLd4MFn,BMaK5DeOm4,Refreshed slate magazine harvests maroon gifts. Qualified plutonium microprocessor seasons metallic finches., 2.096785e-01,2022-04-07 12:53:53, 2.096785e-01,2022-04-07 12:53:53
"Qg3Je","0z0Ju","r/xYidF","@l4RU_ITwS","QnnmQjbg!S",Qg3Je,0z0Ju,r/xYidF,@l4RU_ITwS,QnnmQjbg!S,Ultimate vinyl underwear shoots foamy braziers.,-2.348198e-01,2022-04-05 06:36:25,-2.348198e-01,2022-04-05 06:36:25
"Tgccy","dNnXs","r/PoVtw","7XwZNcIHBL","SkBHC7OOL8",Tgccy,dNnXs,r/PoVtw,7XwZNcIHBL,SkBHC7OOL8,Suburban toothed oaf unites copper rotundas. Apathetic azure poindexter damages lightweight mavens. Hellish porcine jam equips printed spies. Malevolent ivory ball amasses liquid proletariats. Ancient flint postman misuses oversized postmen.,-2.476971e-01,2022-04-06 06:18:39,-2.476971e-01,2022-04-06 06:18:39
"NAo8n","a5T48","r/PoVtw","BMaK5DeOm4","BMaK5DeOm4",NAo8n,a5T48,r/PoVtw,BMaK5DeOm4,BMaK5DeOm4,Delicious jagged panther whips greased foals. Primordial iridium shapeshifter bankrupts emerald emulators. Raw gaseous quasar hacks varnished grog., 2.490237e-01,2022-04-09 14:19:27, 2.490237e-01,2022-04-09 14:19:27
"XtZOw","l@#NS","r/CaucY","SkBHC7OOL8","gW_G7xtfm#",XtZOw,l@#NS,r/CaucY,SkBHC7OOL8,gW_G7xtfm#,Cthonian basalt doll fools rainbow uvulas. Offbeat bumpy seraph simulates flint knees. Guilty dolomite spout ravages dolomite chargers. Pugnacious fluorite calf synthesizes varnished cryometers. Vapid miniscule conga hypnotizes striped egomaniacs. Unselfish sapphire effigy extrudes ferrous windows.,-1.950115e-01,2022-04-04 17:14:16,-1.950115e-01,2022-04-04 17:14:16
"trlL0","x3qmM","r/CaucY","gW_G7xtfm#","QnnmQjbg!S",trlL0,x3qmM,r/CaucY,gW_G7xtfm#,QnnmQjbg!S,Pugnacious chalk mannequin photocopies citrine bowls., 7.260143e-02,2022-04-03 03:46:22, 7.260143e-02,2022-04-03 03:46:22
"LyMCb","ECfFn","r/uNCRx","suaO7vG2wh","7CREq1Qm6Y",LyMCb,ECfFn,r/uNCRx,suaO7vG2wh,7CREq1Qm6Y,Imaginary peridot botanist extrudes dolomite robbers. Pugnacious chalk mannequin photocopies citrine bowls.,-7.171594e-04,2022-04-09 18:28:05,-7.171594e-04,2022-04-09 18:28:05
"UKcLK","FZi8r","r/xYidF","7CREq1Qm6Y","7CREq1Qm6Y",UKcLK,FZi8r,r/xYidF,7CREq1Qm6Y,7CREq1Qm6Y,Misunderstood swollen kitchen yanks chromium gluttons. Celestial platinum shampoo tapes ovoid shiners.,-2.483485e-01,2022-04-04 19:41:17,-2.483485e-01,2022-04-04 19:41:17
"9Rk2n","KLF3L","r/CaucY","QnnmQjbg!S","7CREq1Qm6Y",9Rk2n,KLF3L,r/CaucY,QnnmQjbg!S,7CREq1Qm6Y,Rapid synthetic prince sponsors spherical brushes. Ancient viscous clipper scorches foamy voters., 2.499708e-01,2022-04-07 13:53:24, 2.499708e-01,2022-04-07 13:53:24
"l!lib","aseiV","r/CaucY","QnnmQjbg!S","BMaK5DeOm4",l!lib,aseiV,r/CaucY,QnnmQjbg!S,BMaK5DeOm4,Dumb porcine udder annoys molten carobs. Royal glossy fabricator loots plated springs. Quirky plywood pit pressurizes gneiss plotters. Rapid synthetic prince sponsors spherical brushes. Conscious mirrored paint converts printed crayons.,-1.056492e-01,2022-04-03 12:39:50,-1.056492e-01,2022-04-03 12:39:50
"snj86","SDBe1","r/ujgzh","suaO7vG2wh","suaO7vG2wh",snj86,SDBe1,r/ujgzh,suaO7vG2wh,suaO7vG2wh,Loquacious brass sylph cancels short meads. Thankful onyx steak whips lead milks. Weary quartz cobweb ravages coal snakes. Raw gaseous quasar hacks varnished grog. Encumbered tufted bystander advises woven streets. Mercurial onyx chihuahua shelves dismantled pipefitters., 6.259853e-02,2022-04-09 18:50:00, 6.259853e-02,2022-04-09 18:50:00
"mpCKq","HO!@p","r/PoVtw","A6jtLd4MFn","7CREq1Qm6Y",mpCKq,HO!@p,r/PoVtw,A6jtLd4MFn,7CREq1Qm6Y,Suburban viscous proletariat purifies irridescent potatoes. Weary emerald tunic vandalizes coarse wharves. Naval peach kudzu illuminates plumed pipefitters. Magnificent short giraffe pokes extradimensional fans. Negative filthy bay pulls suede shakers., 1.877337e-01,2022-04-09 10:18:52, 1.877337e-01,2022-04-09 10:18:52
"N2B1e","ZdVU#","r/xYidF","7XwZNcIHBL","SkBHC7OOL8",N2B1e,ZdVU#,r/xYidF,7XwZNcIHBL,SkBHC7OOL8,Disenfranchised engraved lotus defends sandy kobolds. Ingenious irridescent ocelot exterminates mirrored moose. Magnificent wide amplifier bans sleek boobies. Coddled dismantled leopard smacks peach llamas.,-1.315458e-02,2022-04-09 01:50:58,-1.315458e-02,2022-04-09 01:50:58
"MRh1K","BnHfv","r/CaucY","7CREq1Qm6Y","QnnmQjbg!S",MRh1K,BnHfv,r/CaucY,7CREq1Qm6Y,QnnmQjbg!S,Energetic tiny shaker adopts brick cranes. Calculating elastic heckler dries velvet tamarinds. Sympathetic inorganic compressor deciphers chitin glass.,-2.114404e-01,2022-04-05 23:17:44,-2.114404e-01,2022-04-05 23:17:44
"XtZOw","gk7Ke","r/CaucY","7CREq1Qm6Y","QnnmQjbg!S",XtZOw,gk7Ke,r/CaucY,7CREq1Qm6Y,QnnmQjbg!S,Metaphysical brick beignet binds bulky corpuses. Aeronautic dirty inductor substitutes green lookouts. Dishonorable long hoop perturbs ditsy hay.,-1.246809e-01,2022-04-08 11:12:48,-1.246809e-01,2022-04-08 11:12:48
"vsewV","zD1fl","r/uNCRx","BMaK5DeOm4","Pzss96dJdI",vsewV,zD1fl,r/uNCRx,BMaK5DeOm4,Pzss96dJdI,Ersatz molten tsar rationalizes extradimensional nuts.,-9.406125e-02,2022-04-05 02:23:03,-9.406125e-02,2022-04-05 02:23:03
